{
  "runs": 1,
  "gpu": "Tesla T4",
  "gpu_memory_gb": 14.6,
  "load_frame_s": 0.44740928700000016,
  "segment_s": 7.792900415,
  "fit_s": 0.029197928000000317,
  "composite_s": 0.37195968300000004,
  "total_s": 8.641467313000001,
  "run_total_s": 8.659844123
}
