{
  "runs": 1,
  "gpu": "Tesla T4",
  "gpu_memory_gb": 14.6,
  "load_frame_s": 0.48754232299999956,
  "segment_s": 6.141020950000001,
  "fit_s": 0.025123235999998883,
  "composite_s": 0.432002262000001,
  "total_s": 7.085688771,
  "run_total_s": 7.0906858249999996,
  "mode": "image"
}
